height;weight;age;gender;pregnant;alpha;sbsa;bsa;bmr;dci_little;dci_light;dci_moderate;dci_heavy;dci_very_heavy
151.765;47.8256065;63;1;0;40;1.41992303884484;1.2580975845105;1207.77368113008;1449.3284173561;1660.68881155386;1872.04920575163;2083.40959994939;2294.76999414716
139.7;36.4858065;63;0;0;40;1.18989579002743;1.06541071482076;920.514857605138;1104.61782912617;1265.70792920706;1426.79802928796;1587.88812936886;1748.97822944976
136.525;31.864838;65;0;0;40;1.09928600665639;0.993123391748895;858.058610471045;1029.67033256525;1179.83058939769;1329.99084623012;1480.15110306255;1630.31135989499
156.845;53.0419145;41;1;0;35;1.52017534439585;1.34185981482545;1127.16224445338;1352.59469334406;1549.8480861234;1747.10147890274;1944.35487168208;2141.60826446142
145.415;41.276872;51;0;0;35;1.29123932090668;1.15116917640173;870.283897359711;1044.34067683165;1196.6403588696;1348.94004090755;1501.2397229455;1653.53940498345
163.83;62.992589;35;1;0;35;1.69312956909436;1.48190778942526;1244.80254311722;1493.76305174066;1711.60349678617;1929.44394183169;2147.2843868772;2365.12483192271
149.225;38.2434755;32;0;1;35;1.25906519903188;1.13695178615974;1459.53555033676;1751.44266040411;2006.86138171304;2262.28010302198;2517.69882433091;2773.11754563984
168.91;55.4799715;27;1;0;35;1.61340926009913;1.43894184003703;1208.71114563111;1450.45337475733;1661.97782524277;1873.50227572822;2085.02672621366;2296.55117669911
147.955;34.869885;19;0;1;40;1.19712315285612;1.08918325049554;1541.05432842815;1849.26519411378;2118.94970158871;2388.63420906363;2658.31871653856;2928.00322401348
165.1;54.487739;54;1;0;35;1.5807808995785;1.40595837062499;1181.00503132499;1417.20603758999;1623.88191807186;1830.55779855373;2037.23367903561;2243.90955951748
154.305;49.89512;47;0;0;35;1.46240540924875;1.29455117569577;978.680688826;1174.4168265912;1345.68594713575;1516.9550676803;1688.22418822485;1859.4933087694
151.13;41.220173;66;1;0;40;1.31546408641061;1.18200522785082;1134.72501873679;1361.67002248414;1560.24690076308;1758.82377904202;1957.40065732096;2155.97753559989
144.78;36.0322145;73;0;0;40;1.20378385095013;1.08693200772989;939.109254678627;1126.93110561435;1291.27522518311;1455.61934475187;1619.96346432063;1784.30758388939
149.9;47.7;20;0;0;35;1.40931721056688;1.24594390602207;941.933592952685;1130.32031154322;1295.15869030994;1459.99706907666;1624.83544784338;1789.6738266101
150.495;33.849303;65;0;0;40;1.1895553388399;1.08921932433356;941.085496224197;1129.30259546904;1293.99255730827;1458.68251914751;1623.37248098674;1788.06244282597
163.195;48.5626935;36;1;0;35;1.48372548802485;1.33182111600857;1118.7297374472;1342.47568493664;1538.25338898989;1734.03109304315;1929.80879709641;2125.58650114967
157.48;42.3258035;44;1;0;35;1.3607052435308;1.22950376929548;1032.7831662082;1239.33979944984;1420.07685353628;1600.81390762271;1781.55096170915;1962.28801579558
143.9418;38.3568735;31;0;1;35;1.23840818683169;1.10993648196465;1439.11198036528;1726.93437643833;1978.77897300226;2230.62356956618;2482.4681661301;2734.31276269402
121.92;19.617854;12;1;0;45;0.815102031731815;0.755688934119804;816.144048849388;979.372858619266;1122.19806716791;1265.02327571655;1407.84848426519;1550.67369281384
105.41;13.947954;8;0;0;0;0.639064818295713;0.595458456799924;0;0;0;0;0;0
86.36;10.489315;6;0;0;0;0.501624373466397;0.462112472445467;0;0;0;0;0;0
161.29;48.987936;39;1;0;35;1.48148425924814;1.32553396897601;1113.44853393985;1336.13824072781;1530.99173416729;1725.84522760676;1920.69872104623;2115.55221448571
156.21;42.7226965;29;0;0;35;1.3615465491966;1.22712736421204;927.708287344299;1113.24994481316;1275.59889509841;1437.94784538366;1600.29679566892;1762.64574595417
129.54;23.586784;13;1;0;45;0.92126603700198;0.848750831080287;916.65089756671;1099.98107708005;1260.39498415423;1420.8088912284;1581.22279830257;1741.63670537675
109.22;15.989118;7;0;0;0;0.696485516312675;0.644720262005791;0;0;0;0;0;0
146.4;35.493574;56;1;0;35;1.20141805491122;1.08885147150685;914.635236065756;1097.56228327891;1257.62344959041;1417.68461590192;1577.74578221343;1737.80694852494
148.59;37.9032815;45;0;0;35;1.25078293237176;1.12951870661492;853.916142200882;1024.69937064106;1174.13469552621;1323.57002041137;1473.00534529652;1622.44067018167
147.32;35.4652245;19;0;0;40;1.20470568943207;1.0932872368326;944.600172623362;1133.52020714803;1298.82523735712;1464.13026756621;1629.4352977753;1794.74032798439
137.16;27.328918;17;1;0;40;1.02040765177452;0.936997008181757;899.517127854487;1079.42055342538;1236.83605079992;1394.25154817445;1551.66704554899;1709.08254292352
125.73;22.6796;16;0;0;40;0.889991589847904;0.818260134258004;706.976755998915;848.372107198698;972.093039498508;1095.81397179832;1219.53490409813;1343.25583639794
114.3;17.860185;11;1;0;45;0.753034443933344;0.695691565719836;751.346890977423;901.616269172907;1033.10197509396;1164.58768101501;1296.07338693605;1427.5590928571
147.955;40.312989;29;1;0;35;1.28717048507084;1.15424698312761;969.567465827193;1163.48095899263;1333.15526551239;1502.82957203215;1672.50387855191;1842.17818507167
161.925;55.111428;30;1;0;35;1.57444152169904;1.39330564083382;1170.37673830041;1404.45208596049;1609.26801516306;1814.08394436563;2018.8998735682;2223.71580277077
146.05;37.5063885;24;0;1;35;1.23353692468548;1.11127920525457;1440.12707917246;1728.15249500695;1980.17473386213;2232.19697271731;2484.21921157249;2736.24145042767
146.05;38.498621;35;0;0;35;1.24974704074353;1.12294673825996;848.947734124527;1018.73728094943;1167.30313442122;1315.86898789302;1464.43484136481;1613.0006948366
152.7048;46.606578;33;0;0;35;1.40604332280481;1.25056354472971;945.426039815657;1134.51124777879;1299.96080474653;1465.41036171427;1630.85991868201;1796.30947564975
142.875;38.838815;27;0;0;35;1.24153754285261;1.10970043011972;838.933525170506;1006.72023020461;1153.53359710945;1300.34696401428;1447.16033091912;1593.97369782396
142.875;35.5786225;32;0;0;35;1.18828724661538;1.07145766939673;810.021998063926;972.026397676711;1113.7802473379;1255.53409699908;1397.28794666027;1539.04179632146
147.955;47.400364;36;0;0;35;1.39573963423022;1.2314971717745;931.011861861524;1117.21423423383;1280.1413100596;1443.06838588536;1605.99546171113;1768.9225375369
160.655;47.8823055;24;1;0;35;1.46178465792318;1.30986334618796;1100.28521079789;1320.34225295746;1512.89216484709;1705.44207673672;1897.99198862635;2090.54190051598
151.765;49.4131785;30;1;0;35;1.44329782818652;1.27463914065367;1070.69687814908;1284.8362537789;1472.20820745499;1659.58016113108;1846.95211480716;2034.32406848325
162.8648;49.384829;24;1;0;35;1.49471757812854;1.33889487322648;1124.67169351024;1349.60603221229;1546.42357857658;1743.24112494087;1940.05867130517;2136.87621766946
171.45;56.5572525;52;1;0;35;1.64120052105539;1.4652831644136;1230.83785810742;1477.00542972891;1692.40205489771;1907.79868006651;2123.19530523531;2338.5919304041
147.32;39.12231;42;0;0;35;1.26529516859374;1.13705897056845;859.616581749748;1031.5398980997;1181.9727999059;1332.40570171211;1482.83860351832;1633.27150532452
147.955;49.89512;19;0;0;40;1.43199864986746;1.25702517815461;1086.06975392558;1303.2837047107;1493.34591164767;1683.40811858465;1873.47032552163;2063.5325324586
144.78;28.803092;17;0;0;40;1.07627336208481;0.993806060598201;858.648436356846;1030.37812362821;1180.64159999066;1330.90507635311;1481.16855271556;1631.43202907801
121.92;20.41164;8;1;0;0;0.831429015611074;0.767774393292167;0;0;0;0;0;0
128.905;23.359988;12;0;0;45;0.914576291262183;0.842573655497069;818.981593143151;982.777911771781;1126.09969057183;1269.42146937188;1412.74324817194;1556.06502697199
97.79;13.267566;5;0;0;0;0.600332148606086;0.553799565463335;0;0;0;0;0;0
154.305;41.2485225;55;1;0;35;1.32966717476828;1.19966324618696;1007.71712679704;1209.26055215645;1385.61104934593;1561.96154653542;1738.3120437249;1914.66254091438
143.51;38.55532;43;0;0;35;1.23974392216923;1.10989331493614;839.079346091722;1006.89521531007;1153.73410087612;1300.57298644217;1447.41187200822;1594.25075757427
146.7;42.4;20;1;0;35;1.31445806323367;1.17078572339641;983.460007652982;1180.15200918358;1352.25751052285;1524.36301186212;1696.46851320139;1868.57401454067
157.48;44.6504625;18;1;0;40;1.3975727803052;1.25608249908241;1205.83919911912;1447.00703894294;1658.02889878879;1869.05075863463;2080.07261848048;2291.09447832632
127;22.0105518;13;1;0;45;0.88118292945714;0.814226011717584;879.364092654991;1055.23691118599;1209.12562740061;1363.01434361524;1516.90305982986;1670.79177604448
110.49;15.422128;9;0;0;0;0.687990415534015;0.640639626853078;0;0;0;0;0;0
97.79;12.757275;5;0;0;0;0.588674103919138;0.545179196114158;0;0;0;0;0;0
165.735;58.5984165;42;1;0;35;1.64247514429252;1.45135719621675;1219.14004482207;1462.96805378648;1676.31756163034;1889.66706947421;2103.01657731807;2316.36608516193
152.4;46.719976;44;0;0;35;1.40634715391803;1.25003023319723;945.022856297104;1134.02742755652;1299.40642740852;1464.78542726051;1630.1644271125;1795.5434269645
141.605;44.22522;60;0;0;35;1.31893394221116;1.16159038441195;878.162330615433;1053.79479673852;1207.47320459622;1361.15161245392;1514.83002031162;1668.50842816932
158.8;50.9;20;0;0;35;1.49841768394382;1.33141197038028;1006.54744960749;1207.85693952899;1384.0027432103;1560.14854689161;1736.29435057292;1912.44015425424
155.575;54.317642;37;0;0;35;1.53210704171213;1.34698954788326;1018.32409819974;1221.98891783969;1400.19563502464;1578.4023522096;1756.60906939455;1934.81578657951
164.465;45.8978405;50;1;0;35;1.44804354003682;1.30917691647837;1099.70860984183;1319.6503318102;1512.09933853252;1704.54834525484;1896.99735197716;2089.44635869948
151.765;48.024053;50;0;0;35;1.42286588767812;1.26018311968791;952.698438484059;1143.23812618087;1309.96035291558;1476.68257965029;1643.404806385;1810.12703311971
161.29;52.219779;31;1;0;35;1.52957221279077;1.35984439898513;1142.26929514751;1370.72315417701;1570.62028082783;1770.51740747864;1970.41453412946;2170.31166078027
154.305;47.62716;25;0;0;35;1.42878239963264;1.2706848998804;960.637784309583;1152.7653411715;1320.87695342568;1488.98856567985;1657.10017793403;1825.21179018821
145.415;45.642695;23;0;1;35;1.35780997007692;1.19840869915833;1505.99697656369;1807.19637187643;2070.74584277508;2334.29531367373;2597.84478457237;2861.39425547102
145.415;42.410852;52;0;0;35;1.30885595120107;1.16371662802117;879.769770784006;1055.72372494081;1209.68343482801;1363.64314471521;1517.60285460241;1671.56256448961
152.4;36.4858065;79;1;0;40;1.24280561975717;1.13231967285564;1087.02688594142;1304.4322631297;1494.66196816945;1684.8916732092;1875.12137824894;2065.35108328869
163.83;55.9335635;35;1;0;35;1.59544453124487;1.41310486997486;1187.00809077888;1424.40970893466;1632.13612482096;1839.86254070727;2047.58895659357;2255.31537247988
144.145;37.194544;27;0;0;35;1.22036055064795;1.09744154993982;829.665811754503;995.598974105404;1140.79049116244;1285.98200821948;1431.17352527652;1576.36504233356
129.54;24.550667;13;1;0;45;0.939901502401537;0.862458166525765;931.454819847826;1117.74578381739;1280.75037729076;1443.75497076413;1606.7595642375;1769.76415771087
129.54;25.627948;14;0;0;45;0.960301512824661;0.87740126095648;852.834025649698;1023.40083077964;1172.64678526834;1321.89273975703;1471.13869424573;1620.38464873443
153.67;48.307548;38;1;0;35;1.43598793916709;1.27423155928901;1070.35450980277;1284.42541176332;1471.73745097881;1659.04949019429;1846.36152940977;2033.67356862526
142.875;37.3362915;39;0;0;35;1.21728553302266;1.09232490955787;825.797631625752;990.957157950903;1135.47174348541;1279.98632901992;1424.50091455442;1569.01550008893
146.05;29.596878;12;0;0;45;1.0957777592879;1.01083308821402;982.529761744023;1179.03571409283;1350.97842239803;1522.92113070324;1694.86383900844;1866.80654731364
167.005;47.173568;30;1;0;35;1.47932245412854;1.33788910636994;1123.82684935075;1348.5922192209;1545.26191785728;1741.93161649366;1938.60131513004;2135.27101376642
158.4198;47.286966;24;0;0;35;1.44252784455379;1.29060456855238;975.697053825602;1170.83646459072;1341.5834490102;1512.33043342968;1683.07741784916;1853.82440226864
91.44;12.927372;1;1;0;0;0.573022904254272;0.522913009050695;0;0;0;0;0;0
165.735;57.549485;51;1;0;35;1.62770833249925;1.44090893740565;1210.36350742075;1452.4362089049;1664.24982270353;1876.06343650216;2087.87705030079;2299.69066409942
149.86;37.931631;46;0;0;35;1.25658644987787;1.13660774818844;859.275457630457;1031.13054915655;1181.50375424188;1331.87695932721;1482.25016441254;1632.62336949787
147.955;41.900561;17;0;0;40;1.31227087976393;1.17221880234593;1012.79704522689;1215.35645427226;1392.59593718697;1569.83542010167;1747.07490301638;1924.31438593108
137.795;27.5840635;12;0;0;45;1.02753021447635;0.943532175388019;917.113274477154;1100.53592937259;1261.03075240609;1421.52557543959;1582.02039847309;1742.51522150659
154.94;47.2019175;22;0;0;35;1.42531332787742;1.26977957920148;959.953361876318;1151.94403425158;1319.93587257994;1487.92771090829;1655.91954923665;1823.911387565
160.9598;43.204638;29;1;0;35;1.38986509053061;1.25876407745922;1057.36182506574;1268.83419007889;1453.87250946539;1638.9108288519;1823.9491482384;2008.98746762491
161.925;50.2636635;38;1;0;35;1.50360157549922;1.34292384539935;1128.05603013545;1353.66723616254;1551.07704143624;1748.48684670995;1945.89665198365;2143.30645725736
147.955;39.3774555;30;0;1;35;1.2721472910554;1.14345692192962;1464.45343297879;1757.34411957455;2013.62347034584;2269.90282111712;2526.18217188841;2782.4615226597
113.665;17.463292;6;1;0;0;0.742549116441315;0.686782422618127;0;0;0;0;0;0
159.385;50.689;45;1;0;35;1.4980604372358;1.33262727509726;1119.4069110817;1343.28829329804;1539.18450273734;1735.08071217663;1930.97692161593;2126.87313105523
148.59;39.4341545;47;0;0;35;1.27579180393491;1.14755026345923;867.547999175179;1041.05759901021;1192.87849886587;1344.69939872153;1496.52029857718;1648.34119843284
136.525;36.28736;79;0;0;40;1.17309323111545;1.04611799949748;903.845951565821;1084.61514187899;1242.788183403;1400.96122492702;1559.13426645104;1717.30730797506
158.115;46.266384;45;1;0;35;1.42550276765778;1.27766609306722;1073.23951817647;1287.88742181176;1475.70433749264;1663.52125317353;1851.33816885441;2039.15508453529
144.78;42.2691045;54;0;0;35;1.30381075543002;1.15860451107113;875.905010369774;1051.08601244373;1204.36938925844;1357.65276607315;1510.93614288786;1664.21951970257
156.845;47.62716;31;1;0;35;1.44049392669089;1.28529063985855;1079.64413748118;1295.57296497742;1484.51068903663;1673.44841309583;1862.38613715504;2051.32386121425
179.07;55.7067675;23;1;0;35;1.66461631016355;1.50144408216191;1261.21302901601;1513.45563481921;1734.16791489701;1954.88019497481;2175.59247505261;2396.30475513041
118.745;18.824068;9;0;0;0;0.787976302989006;0.72970298218177;0;0;0;0;0;0
170.18;48.5626935;41;1;0;35;1.51514568238228;1.3714723801115;1152.03679929366;1382.4441591524;1584.05059902879;1785.65703890518;1987.26347878157;2188.86991865796
146.05;42.807745;23;0;0;35;1.3178339927963;1.17162877397148;885.75135312244;1062.90162374693;1217.90811054335;1372.91459733978;1527.92108413621;1682.92757093263
147.32;35.0683315;36;0;0;35;1.19794576446747;1.08837669569949;822.812781948812;987.375338338574;1131.36757517962;1275.35981202066;1419.3520488617;1563.34428570274
113.03;17.8885345;5;1;0;0;0.749433314529311;0.690709628535966;0;0;0;0;0;0
162.56;56.755699;30;0;0;35;1.60088572961623;1.41365479236009;1068.72302302422;1282.46762762907;1469.49415665831;1656.52068568755;1843.54721471679;2030.57374374603
133.985;27.442316;12;1;0;45;1.01061844504299;0.923288925636686;997.152039687621;1196.58244762515;1371.08405457048;1545.58566151581;1720.08726846115;1894.58887540648
152.4;51.255896;34;0;0;35;1.47303527814736;1.29723006207826;980.705926931163;1176.8471123174;1348.47064953035;1520.0941867433;1691.71772395626;1863.34126116921
160.02;47.230267;44;1;0;35;1.44892559096387;1.29909269957412;1091.23786764226;1309.48544117072;1500.45206800811;1691.41869484551;1882.3853216829;2073.3519485203
149.86;40.936678;43;0;0;35;1.30541293648579;1.17180418359458;885.883962797499;1063.060755357;1218.09044884656;1373.12014233612;1528.14983582569;1683.17952931525
142.875;32.715323;73;0;0;40;1.13946890328894;1.03609565164982;895.186643025443;1074.22397163053;1230.88163415998;1387.53929668944;1544.19695921889;1700.85462174834
167.005;57.0675435;38;1;0;35;1.62707688664685;1.44376429975726;1212.7620117961;1455.31441415532;1667.54776621964;1879.78111828396;2092.01447034828;2304.24782241259
159.385;42.977842;43;1;0;35;1.37941446385877;1.24750142499758;1047.90119699797;1257.48143639756;1440.86414587221;1624.24685534685;1807.6295648215;1991.01227429614
154.94;39.9444455;33;0;0;35;1.31116915445826;1.18775547367791;897.943138100501;1077.5317657206;1234.67181488819;1391.81186405578;1548.95191322336;1706.09196239095
148.59;32.4601775;16;0;0;40;1.15749463338389;1.06160525510521;917.226940410898;1100.67232849308;1261.18704306498;1421.70175763689;1582.2164722088;1742.73118678071
111.125;17.123098;11;1;0;45;0.727019078392873;0.670704429216265;724.360783553566;869.232940264279;995.996077386153;1122.75921450803;1249.5223516299;1376.28548875178
111.76;16.499409;6;1;0;0;0.715691963114486;0.663464707968011;0;0;0;0;0;0
162.56;45.9545395;35;1;0;35;1.44052169765756;1.29918484681334;1091.31527132321;1309.57832558785;1500.55849806941;1691.53867055097;1882.51884303253;2073.49901551409
152.4;41.106775;29;0;0;35;1.31916140344286;1.1876400508822;897.855878466946;1077.42705416034;1234.55183289205;1391.67661162377;1548.80139035548;1705.9261690872
124.46;18.257078;12;0;0;45;0.794473258042361;0.744943545709819;724.085126429944;868.902151715933;995.617048841173;1122.33194596641;1249.04684309165;1375.76174021689
111.76;15.081934;9;1;0;0;0.684258914576769;0.640049091126908;0;0;0;0;0;0
86.36;11.4815475;7;1;0;0;0.524813840566348;0.479125196053971;0;0;0;0;0;0
170.18;47.5988105;58;1;0;35;1.50003384877457;1.36051833558177;1142.83540188869;1371.40248226643;1571.39867759695;1771.39487292747;1971.39106825799;2171.38726358851
146.05;37.5063885;53;0;0;35;1.23353692468548;1.11127920525457;840.127079172456;1008.15249500695;1155.17473386213;1302.19697271731;1449.21921157249;1596.24145042767
159.385;45.019006;51;1;0;35;1.41179104836827;1.27087129102565;1067.53188446155;1281.03826135386;1467.85634113463;1654.6744209154;1841.49250069617;2028.31058047694
151.13;42.2691045;48;0;0;35;1.33209627645521;1.19394601995232;902.623191083956;1083.14782930075;1241.10688774044;1399.06594618013;1557.02500461982;1714.98406305952
160.655;54.8562825;29;1;0;35;1.56462065557238;1.38307750364463;1161.78510306149;1394.14212367379;1597.45451670955;1800.76690974531;2004.07930278108;2207.39169581684
169.545;53.523856;41;1;0;35;1.58768718629752;1.42215994877721;1194.61435697286;1433.53722836743;1642.59474083768;1851.65225330793;2060.70976577818;2269.76727824843
158.75;52.1914295;82;1;0;40;1.517068576155;1.34452625205221;1290.74520197012;1548.89424236414;1774.77465270891;2000.65506305368;2226.53547339845;2452.41588374322
74.295;9.752228;1;1;0;0;0.448621895754097;0.403964540610211;0;0;0;0;0;0
149.86;42.410852;35;0;0;35;1.32870972090304;1.18850442855645;898.509347988679;1078.21121758641;1235.45035348443;1392.68948938245;1549.92862528047;1707.16776117849
153.035;49.5832755;46;0;0;35;1.45181654088005;1.28385985293134;970.598048816096;1164.71765857932;1334.57231712213;1504.42697566495;1674.28163420777;1844.13629275058
96.52;13.097469;5;1;0;0;0.592585602789448;0.545930133568259;0;0;0;0;0;0
161.925;41.730464;29;1;0;35;1.3700370415917;1.24661117330861;1047.15338557924;1256.58406269508;1439.83590517145;1623.08774764782;1806.33959012418;1989.59143260055
162.56;56.018612;42;1;0;35;1.59045639560194;1.40628231956906;1181.27714843801;1417.53257812562;1624.25607910227;1830.97958007892;2037.70308105557;2244.42658203223
149.225;42.1557065;27;0;0;35;1.3218973424655;1.18212024690218;893.682906658045;1072.41948798965;1228.81399665481;1385.20850531997;1541.60301398513;1697.99752265029
116.84;19.391058;8;0;0;0;0.793314288412859;0.730103922361627;0;0;0;0;0;0
100.076;15.081934;6;1;0;0;0.64750367373132;0.592439172900431;0;0;0;0;0;0
163.195;53.0986135;22;1;0;35;1.55147136527202;1.38025097345563;1159.41081770273;1391.29298124327;1594.18987434125;1797.08676743923;1999.98366053721;2202.88055363518
161.925;50.235314;43;1;0;35;1.50317748817574;1.34262082201686;1127.80149049417;1353.361788593;1550.72704942948;1748.09231026596;1945.45757110243;2142.82283193891
145.415;42.52425;53;0;0;35;1.31060459052619;1.16496024780119;880.7099473377;1056.85193680524;1210.97617758934;1365.10041837344;1519.22465915753;1673.34889994163
163.195;49.101334;43;1;0;35;1.49193128026599;1.33771040842808;1123.67674307959;1348.41209169551;1545.05552173443;1741.69895177336;1938.34238181229;2134.98581185122
151.13;38.498621;41;0;0;35;1.27129599138154;1.15014750787831;869.511515956004;1043.41381914721;1195.57833443951;1347.74284973181;1499.90736502411;1652.07188031641
150.495;49.8100715;50;0;0;35;1.44300676736618;1.27122466772458;961.045848799779;1153.25501855974;1321.4380420997;1489.62106563966;1657.80408917962;1825.98711271958
141.605;29.313383;15;1;0;40;1.0737941039597;0.985397337427224;945.981443930135;1135.17773271616;1300.72448540394;1466.27123809171;1631.81799077948;1797.36474346726
170.815;59.760746;33;1;0;35;1.6839134172112;1.49404818216862;1255.00047302164;1506.00056762597;1725.62565040476;1945.25073318355;2164.87581596233;2384.50089874112
91.44;11.7083435;3;0;0;0;0.545336524450728;0.50260121016807;0;0;0;0;0;0
157.48;47.9390045;62;1;0;40;1.44812469044355;1.29230011938042;1240.6081146052;1488.72973752625;1705.83615758216;1922.94257763807;2140.04899769398;2357.15541774989
152.4;39.292407;49;0;0;35;1.28972034294261;1.16638768640285;881.789090920552;1058.14690910466;1212.46000001576;1366.77309092686;1521.08618183795;1675.39927274905
149.225;38.1300775;17;1;0;40;1.25719714874636;1.13560208740614;1090.17800390989;1308.21360469187;1498.9947553761;1689.77590606033;1880.55705674456;2071.33820742879
129.54;21.999212;12;0;0;45;0.88972185455156;0.825421107795075;802.309316776812;962.771180132175;1103.17531056812;1243.57944100406;1383.98357144;1524.38770187594
147.32;36.8826995;22;0;1;35;1.22854467769571;1.11056062859338;1439.58383521659;1727.50060225991;1979.42777342282;2231.35494458572;2483.28211574862;2735.20928691153
145.415;42.127357;29;0;0;35;1.30447409775347;1.16059882417006;877.412711072569;1052.89525328708;1206.44247772478;1359.98970216248;1513.53692660018;1667.08415103788
121.92;19.787951;8;0;0;0;0.818628084378574;0.758303034610432;0;0;0;0;0;0
113.665;16.782904;5;1;0;0;0.727940165268486;0.675951551486965;0;0;0;0;0;0
157.48;44.565414;33;1;0;35;1.39624112418546;1.25512493642293;1054.30494659526;1265.16593591432;1449.66930156849;1634.17266722266;1818.67603287683;2003.179398531
154.305;47.853956;34;0;0;35;1.43218022226604;1.2731018031789;962.464963203247;1154.9579558439;1323.38932440446;1491.82069296503;1660.2520615256;1828.68343008617
120.65;21.1770765;12;0;0;45;0.842452484602248;0.773473655492551;751.816393138759;902.179671766511;1033.74754056579;1165.31540936508;1296.88327816436;1428.45114696364
115.6;18.9;7;1;0;0;0.779037868142493;0.717274185853936;0;0;0;0;0;0
167.005;55.1964765;42;1;0;35;1.60018120136114;1.42464011610919;1196.69769753172;1436.03723703807;1645.45933410612;1854.88143117417;2064.30352824222;2273.72562531027
142.875;32.998818;40;0;0;35;1.14439529419471;1.03967767778727;785.996324407174;943.195589288609;1080.74494605986;1218.29430283112;1355.84365960237;1493.39301637363
152.4;40.879979;27;0;0;35;1.31551730420647;1.18501470113317;895.871114056676;1075.04533686801;1231.82278182793;1388.60022678785;1545.37767174777;1702.15511670768
96.52;13.267566;3;0;0;0;0.596421148350727;0.548755160801014;0;0;0;0;0;0
160;51.2;25;1;0;35;1.5084944665313;1.34159665852027;1126.94119315702;1352.32943178843;1549.54414059091;1746.75884939339;1943.97355819587;2141.18826699835
159.385;49.044635;29;1;0;35;1.4735613652225;1.31516369324979;1104.73750232983;1325.68500279579;1519.01406570351;1712.34312861123;1905.67219151895;2099.00125442667
149.86;53.4388075;45;0;0;35;1.49148878752723;1.30362508481889;985.540564123084;1182.6486769477;1355.11827566924;1527.58787439078;1700.05747311232;1872.52707183386
160.655;54.090846;26;1;0;35;1.55366635058014;1.37532544442188;1155.27337331438;1386.32804797726;1588.50088830727;1790.67372863729;1992.84656896731;2195.01940929732
160.655;55.3665735;45;1;0;35;1.57188111524258;1.38820954750179;1166.0960199015;1399.3152238818;1603.38202736456;1807.44883084732;2011.51563433009;2215.58243781285
149.225;42.240755;45;0;0;35;1.3232301245306;1.18307363402483;894.403667322773;1073.28440078733;1229.80504256881;1386.3256843503;1542.84632613178;1699.36696791327
125.095;22.3677555;11;0;0;45;0.881616944765649;0.810861955523283;788.157820768631;945.789384922357;1083.71700355687;1221.64462219138;1359.57224082589;1497.4998594604
140.97;40.936678;85;0;0;40;1.26610113446096;1.12270000411071;970.012803551652;1164.01536426198;1333.76760488352;1503.51984550506;1673.2720861266;1843.02432674814
154.94;49.6966735;26;1;0;35;1.46249431072873;1.29621012558401;1088.81650549057;1306.57980658868;1497.12269504953;1687.66558351038;1878.20847197123;2068.75136043208
141.605;44.338618;24;0;0;35;1.32062380061364;1.16278084397424;879.062318044528;1054.87478165343;1208.71068731123;1362.54659296902;1516.38249862681;1670.2184042846
160.02;45.9545395;57;1;0;35;1.42922331382293;1.28494148070732;1079.35084379415;1295.22101255298;1484.10741021696;1672.99380788094;1861.88020554491;2050.76660320889
150.1648;41.95726;22;0;0;35;1.32292852293354;1.1850878420921;895.92640862163;1075.11169034596;1231.89881185474;1388.68593336353;1545.47305487231;1702.2601763811
155.575;51.482692;24;0;0;35;1.49158936558551;1.31841568631774;996.722258856209;1196.06671062745;1370.49310592729;1544.91950122712;1719.34589652696;1893.7722918268
103.505;12.757275;6;0;0;0;0.605631385157259;0.567291261022094;0;0;0;0;0;0
94.615;13.0124205;4;0;0;0;0.584800575126897;0.536964070377202;0;0;0;0;0;0
156.21;44.111822;21;0;0;35;1.38350478000018;1.24293431113948;939.65833922145;1127.59000706574;1292.03021642949;1456.47042579325;1620.910635157;1785.35084452075
153.035;32.205032;79;0;0;40;1.17005425706579;1.08032151964712;933.397792975116;1120.07735157014;1283.42196534078;1446.76657911143;1610.11119288207;1773.45580665272
167.005;56.755699;50;1;0;35;1.62262523155593;1.44060334227326;1210.10680750954;1452.12816901145;1663.89686032562;1875.66555163979;2087.43424295396;2299.20293426813
149.86;52.673371;40;0;0;35;1.48076851087347;1.29612369664778;979.869514665725;1175.84341759887;1347.32058266537;1518.79774773187;1690.27491279838;1861.75207786488
147.955;36.4858065;64;0;0;40;1.22454725201552;1.10909903725528;958.261568188565;1149.91388182628;1317.60965625928;1485.30543069228;1653.00120512527;1820.69697955827
159.385;48.8461885;32;1;0;35;1.47057714993435;1.31303251518679;1102.9473127569;1323.53677530828;1516.55255504074;1709.5683347732;1902.58411450565;2095.59989423811
161.925;56.9541455;39;1;0;35;1.6005467824472;1.41175672703076;1185.87565070584;1423.05078084701;1630.57901972053;1838.10725859405;2045.63549746757;2253.16373634109
155.575;42.0990075;26;0;1;35;1.34882182043488;1.21645656161271;1519.64116057921;1823.56939269505;2089.50659579641;2355.44379889777;2621.38100199914;2887.3182051005
159.385;50.178615;63;1;0;40;1.49049940845482;1.3272437117567;1274.15396328643;1528.98475594372;1751.96169951885;1974.93864309397;2197.9155866691;2420.89253024422
146.685;46.549879;62;0;0;40;1.37721226084465;1.21525498676323;1049.98030856343;1259.97637027612;1443.72292427472;1627.46947827332;1811.21603227192;1994.96258627052
172.72;61.80191;22;1;0;35;1.72195188789415;1.52605643696506;1281.88740705065;1538.26488846078;1762.59518469465;1986.92548092851;2211.25577716237;2435.58607339624
166.37;48.987936;41;1;0;35;1.5046338528692;1.35462212300942;1137.88258332791;1365.45909999349;1564.58855207588;1763.71800415826;1962.84745624065;2161.97690832303
141.605;31.524644;19;1;0;40;1.11355876131188;1.01448372421783;973.904375249115;1168.68525029894;1339.11851596753;1509.55178163613;1679.98504730472;1850.41831297332
142.875;32.205032;17;0;0;40;1.13054730440614;1.02960077323822;889.575068077826;1067.49008169339;1223.16571860701;1378.84135552063;1534.51699243425;1690.19262934787
133.35;23.756881;14;0;0;45;0.93808020288335;0.868642108689048;844.320129645754;1013.18415557491;1160.94017826291;1308.69620095092;1456.45222363893;1604.20824632693
127.635;24.4089195;9;1;0;0;0.930267649714989;0.851585514771337;0;0;0;0;0;0
119.38;21.5172705;7;1;0;0;0.844710955213873;0.772675193663786;0;0;0;0;0;0
151.765;35.2951275;74;0;0;40;1.21980930033226;1.11413042969605;962.608691257383;1155.13042950886;1323.5869504789;1492.04347144894;1660.49999241899;1828.95651338903
156.845;45.642695;41;1;0;35;1.41016434200602;1.26359524373962;1061.42000474128;1273.70400568954;1459.45250651926;1645.20100734899;1830.94950817871;2016.69800900844
148.59;43.885026;33;0;0;35;1.34586568726229;1.19770330384956;905.463697710267;1086.55643725232;1245.01258435162;1403.46873145091;1561.92487855021;1720.38102564951
157.48;45.5576465;53;0;0;35;1.41169895386335;1.26622910588507;957.269204049111;1148.72304485893;1316.24515556753;1483.76726627612;1651.28937698472;1818.81148769331
149.86;39.008912;18;0;0;40;1.27430542653199;1.14941150655856;993.091541666597;1191.70984999992;1365.50086979157;1539.29188958323;1713.08290937488;1886.87392916653
147.955;41.163474;37;0;0;35;1.3006773658015;1.1639264996701;879.928433750599;1055.91412050072;1209.90159640707;1363.88907231343;1517.87654821978;1671.86402412614
102.235;13.1258185;6;0;0;0;0.610536661549925;0.568853290335969;0;0;0;0;0;0
153.035;45.245802;61;0;0;40;1.386862096512;1.23769845675722;1069.37146663824;1283.24575996588;1470.38576662757;1657.52577328927;1844.66577995096;2031.80578661265
160.655;53.637254;44;1;0;35;1.54713831183127;1.37070053560269;1151.38844990626;1381.66613988751;1583.1591186211;1784.6520973547;1986.14507608829;2187.63805482189
149.225;52.3048275;35;0;0;35;1.47244957314971;1.28865248809311;974.221280998393;1169.06553719807;1339.55426137279;1510.04298554751;1680.53170972223;1851.02043389695
114.3;18.3421265;7;1;0;0;0.763126802291074;0.703140689752145;0;0;0;0;0;0
100.965;13.7495075;4;1;0;0;0.620980189507215;0.574466155291648;0;0;0;0;0;0
138.43;39.0939605;23;0;0;35;1.22607967749234;1.08826588929703;822.729012308557;987.274814770269;1131.25239192427;1275.22996907826;1419.20754623226;1563.18512338626
91.44;12.530479;4;1;0;0;0.564157927002714;0.516431134486047;0;0;0;0;0;0
162.56;45.699394;55;1;0;35;1.43651715082773;1.29629473028003;1088.88757343523;1306.66508812227;1497.22041347344;1687.7757388246;1878.33106417576;2068.88638952693
149.225;40.3980375;53;0;0;35;1.2940458889701;1.16215274983151;878.587478872622;1054.30497464715;1208.05778344986;1361.81059225256;1515.56340105527;1669.31620985798
158.75;51.482692;59;1;0;35;1.50673279307322;1.3371930434445;1123.24215649338;1347.89058779206;1544.4579651784;1741.02534256474;1937.59271995109;2134.16009733743
149.86;38.668718;57;0;0;35;1.26873669445459;1.14539139229867;865.915892577793;1039.09907109335;1190.63435229447;1342.16963349558;1493.70491469669;1645.24019589781
158.115;39.235708;35;1;0;35;1.31273188114837;1.19614476485073;1004.76160247462;1205.71392296954;1381.5472034026;1557.38048383565;1733.21376426871;1909.04704470177
156.21;44.338618;29;0;0;35;1.38705678784852;1.24548654235428;941.587826019838;1129.90539122381;1294.68326077728;1459.46113033075;1624.23899988422;1789.01686943769
148.59;39.519203;62;1;0;40;1.2771668269357;1.14853960232248;1102.59801822958;1323.11762187549;1516.07227506567;1709.02692825585;1901.98158144602;2094.9362346362
143.51;31.071052;18;0;0;40;1.11292990102202;1.01809872576222;879.637299058561;1055.56475887027;1209.50128620552;1363.43781354077;1517.37434087602;1671.31086821127
154.305;46.776675;51;0;0;35;1.41596794885601;1.26155948749763;953.738972548207;1144.48676705785;1311.39108725378;1478.29540744972;1645.19972764566;1812.10404784159
131.445;22.509503;14;0;0;45;0.906574998710807;0.841583491197999;818.019153444455;981.622984133346;1124.77633598613;1267.92968783891;1411.08303969169;1554.23639154447
157.48;40.6248335;19;1;0;40;1.33308318274051;1.20949594749377;1161.11610959402;1393.33933151282;1596.53465069177;1799.72996987073;2002.92528904968;2206.12060822863
157.48;50.178615;42;1;0;35;1.48156526557782;1.31611927013093;1105.54018690998;1326.64822429197;1520.11775700122;1713.58728971047;1907.05682241971;2100.52635512896
154.305;41.276872;25;0;0;35;1.33012402658549;1.19999298253983;907.194694800108;1088.63363376013;1247.39270535015;1406.15177694017;1564.91084853019;1723.66992012021
107.95;17.57669;6;1;0;0;0.725986624742877;0.664141602279351;0;0;0;0;0;0
168.275;54.6;41;1;0;35;1.59755151194988;1.42600409349605;1197.84343853668;1437.41212624402;1647.03472798794;1856.65732973185;2066.27993147577;2275.90253321969
145.415;44.9906565;37;0;0;35;1.34807643977833;1.19153107495662;900.797492667207;1080.95699120065;1238.59655241741;1396.23611363417;1553.87567485093;1711.51523606769
147.955;44.735511;16;0;0;40;1.35593781916644;1.20332159058285;1039.66985426358;1247.6038251163;1429.54604961243;1611.48827410856;1793.43049860468;1975.37272310081
100.965;14.401546;5;1;0;0;0.635533916371371;0.585212018653238;0;0;0;0;0;0
113.03;19.050864;9;1;0;0;0.773397834580194;0.708323214692375;0;0;0;0;0;0
149.225;35.8054185;82;1;0;40;1.21827103986466;1.10738492892755;1063.08953177045;1275.70743812454;1461.74810618436;1647.78877424419;1833.82944230402;2019.87011036385
154.94;45.2174525;28;1;0;35;1.39503007637331;1.24815039418174;1048.44633111267;1258.1355973352;1441.61370527992;1625.09181322463;1808.56992116935;1992.04802911406
162.56;48.1091015;50;1;0;35;1.47390406930407;1.32321518909261;1111.5007588378;1333.80091060536;1528.31354340197;1722.82617619858;1917.3388089952;2111.85144179181
156.845;45.6710445;43;0;0;35;1.41060221326079;1.26390912196799;955.515296207799;1146.61835544936;1313.83353228572;1481.04870912209;1648.26388595845;1815.47906279482
123.19;20.808533;8;1;0;0;0.843834367019908;0.779344365233794;0;0;0;0;0;0
161.0106;48.420946;31;1;0;35;1.47160962215109;1.31777550797282;1106.93142669717;1328.31771203661;1522.03071170861;1715.74371138062;1909.45671105262;2103.16971072463
144.78;41.1918235;67;0;0;40;1.28708889945165;1.1467015603002;990.750148099376;1188.90017771925;1362.28145363664;1535.66272955403;1709.04400547142;1882.42528138881
143.51;38.4135725;39;0;0;35;1.23746288266165;1.10825931513024;837.844042238459;1005.41285068615;1152.03555807788;1298.65826546961;1445.28097286134;1591.90368025307
149.225;42.127357;18;0;0;40;1.32145278306418;1.18180219476406;1021.07709627615;1225.29251553138;1403.9810073797;1582.66949922803;1761.35799107635;1940.04648292468
110.49;17.6617385;11;0;0;45;0.736252803591153;0.676346827563705;657.409116391922;788.890939670306;903.937535038892;1018.98413040748;1134.03072577606;1249.07732114465
149.86;38.2434755;48;0;0;35;1.2617412173516;1.14033629333007;862.094237757534;1034.51308530904;1185.37957691661;1336.24606852418;1487.11256013175;1637.97905173931
165.735;48.3358975;30;1;0;35;1.49173183955973;1.34377907257611;1128.77442096394;1354.52930515672;1552.06482882541;1749.6003524941;1947.13587616279;2144.67139983148
144.145;38.9238635;64;0;0;40;1.24840790878795;1.117573460261;965.583469665507;1158.70016359861;1327.67727079007;1496.65437798154;1665.631485173;1834.60859236446
157.48;40.029494;72;1;0;40;1.3232792511115;1.20237467427481;1154.27968730381;1385.13562476458;1587.13457004274;1789.13351532091;1991.13246059908;2193.13140587725
154.305;50.2069645;68;0;0;40;1.46696830772899;1.29778150557193;1121.28322081415;1345.53986497697;1541.76442861945;1737.98899226193;1934.2135559044;2130.43811954688
163.83;54.2892925;44;1;0;35;1.5718190797674;1.3963396501454;1172.92530612214;1407.51036734656;1612.77229591794;1818.03422448931;2023.29615306069;2228.55808163206
156.21;45.6;43;0;0;35;1.40664849909279;1.25954043848601;952.212571495421;1142.65508579451;1309.2922858062;1475.9294858179;1642.5666858296;1809.2038858413
153.67;40.766581;16;0;0;40;1.3191538220337;1.19059505775497;1028.67412990029;1234.40895588035;1414.4269286129;1594.44490134545;1774.462874078;1954.48084681055
134.62;27.1304715;13;0;0;45;1.00723825843657;0.922124673274205;896.305182422528;1075.56621890703;1232.41962583098;1389.27303275492;1546.12643967886;1702.9798466028
144.145;39.4341545;34;0;0;35;1.2565645626516;1.12341111603341;849.298803721255;1019.15856446551;1167.78585511673;1316.41314576795;1465.04043641917;1613.66772707038
114.3;20.4966885;10;0;0;45;0.806703080367864;0.735082082994669;714.499784670818;857.399741604982;982.437203922375;1107.47466623977;1232.51212855716;1357.54959087455
162.56;43.204638;62;1;0;40;1.39675675458065;1.26751097178539;1216.81053291397;1460.17263949676;1673.11448275671;1886.05632601665;2098.9981692766;2311.94001253654
146.05;31.864838;44;0;0;35;1.13698670835337;1.04113195078887;787.095754796383;944.51490575566;1082.25666284503;1219.99841993439;1357.74017702376;1495.48193411313
120.65;20.8935815;11;1;0;45;0.836794579859325;0.769315142248353;830.860353628221;997.032424353865;1142.4329862388;1287.83354812374;1433.23411000868;1578.63467189362
154.94;45.4442485;31;1;0;35;1.39852420852503;1.25065076244693;1050.54664045542;1260.6559685465;1444.5016306262;1628.3472927059;1812.1929547856;1996.0386168653
144.78;38.045029;29;0;0;35;1.23694957440337;1.11082376902229;839.782769380849;1007.73932325702;1154.70130789867;1301.66329254032;1448.62527718196;1595.58726182361
106.68;15.989118;8;0;0;0;0.688339206641609;0.634187829889635;0;0;0;0;0;0
146.685;36.0889135;62;0;0;40;1.21263055159108;1.09761368260342;948.338221769358;1138.00586612323;1303.96505493287;1469.9242437425;1635.88343255214;1801.84262136178
152.4;40.879979;67;0;0;40;1.31551730420647;1.18501470113317;1023.85270177906;1228.62324213487;1407.79746494621;1586.97168775754;1766.14591056888;1945.32013338021
163.83;47.910655;57;1;0;35;1.47659542798911;1.32824515630002;1115.72593129202;1338.87111755042;1534.12315552652;1729.37519350263;1924.62723147873;2119.87926945483
165.735;47.7122085;32;1;0;35;1.48207651584483;1.33681640471605;1122.92577996148;1347.51093595378;1544.02294744704;1740.5349589403;1937.04697043356;2133.55898192682
156.21;46.379782;24;0;0;35;1.41862470041116;1.26811213807207;958.692776382486;1150.43133165898;1318.20256752592;1485.97380339285;1653.74503925979;1821.51627512672
152.4;41.163474;77;1;0;40;1.32007085643158;1.18829502962693;1140.76322844185;1368.91587413022;1568.54943910755;1768.18300408487;1967.81656906219;2167.45013403952
140.335;36.5992045;62;0;0;40;1.19444889238923;1.07012584579815;924.588730769599;1109.50647692352;1271.3095048082;1433.11253269288;1594.91556057756;1756.71858846224
158.115;43.09124;17;1;0;40;1.37571914654361;1.24184314108639;1192.16941544294;1430.60329853153;1639.23294623404;1847.86259393655;2056.49224163907;2265.12188934158
163.195;48.137451;67;1;0;40;1.47721503323963;1.32714393140847;1274.05817415213;1528.86980898256;1751.82998945918;1974.79016993581;2197.75035041243;2420.71053088905
151.13;36.7126025;70;0;0;40;1.2414569863029;1.12849994470392;975.023952224191;1170.02874266903;1340.65793430826;1511.2871259475;1681.91631758673;1852.54550922596
171.1198;56.5572525;37;1;0;35;1.63961934406447;1.46330717447565;1229.17802655954;1475.01363187145;1690.11978651937;1905.22594116729;2120.33209581521;2335.43825046313
149.86;38.6970675;58;0;0;35;1.26920168867744;1.14572721035492;866.169771028321;1039.40372523399;1190.98343516394;1342.5631450939;1494.14285502385;1645.72256495381
163.83;47.4854125;35;1;0;35;1.47002788426643;1.32351687673919;1111.75417646092;1334.1050117531;1528.66199263376;1723.21897351442;1917.77595439508;2112.33293527574
141.605;36.2023115;30;0;0;35;1.19331800734543;1.07220919638048;810.59015246364;972.708182956368;1114.5614596375;1256.41473631864;1398.26801299978;1540.12128968092
93.98;14.288148;5;0;0;0;0.61073729327756;0.554811149626505;0;0;0;0;0;0
149.225;41.276872;26;0;0;35;1.30804574590833;1.17220027358649;886.183406831384;1063.42008819766;1218.50218439315;1373.58428058865;1528.66637678414;1683.74847297963
105.41;15.2236815;5;0;0;0;0.667650995596377;0.616673293577002;0;0;0;0;0;0
146.05;44.7638605;21;0;0;35;1.34760712066745;1.19275735164076;901.724557840413;1082.0694694085;1239.87126703057;1397.67306465264;1555.47486227471;1713.27665989679
161.29;50.4337605;41;1;0;35;1.50318746807548;1.3410462180022;1126.47882312185;1351.77458774622;1548.90838179254;1746.04217583886;1943.17596988519;2140.30976393151
162.56;55.281525;46;1;0;35;1.57995821885686;1.3988514104873;1175.03518480933;1410.0422217712;1615.67337911283;1821.30453645446;2026.9356937961;2232.56685113773
145.415;37.931631;49;0;0;35;1.23781035635344;1.11290232019674;841.354154068739;1009.62498488249;1156.86196184452;1304.09893880655;1451.33591576857;1598.5728927306
145.415;35.493574;15;1;0;40;1.19736957805317;1.08371811772712;1040.36939301803;1248.44327162164;1430.50791539979;1612.57255917795;1794.6372029561;1976.70184673426
170.815;58.456669;28;1;0;35;1.66543920760619;1.48092077353423;1243.97344976876;1492.76813972251;1710.46349343204;1928.15884714157;2145.8542008511;2363.54955456064
127;21.488921;12;0;0;45;0.870678689139812;0.806451852830569;783.871200951313;940.645441141575;1077.82290130806;1215.00036147453;1352.17782164101;1489.35528180749
159.385;44.4236665;83;0;0;40;1.40242509060224;1.26412193847853;1092.20135484545;1310.64162581454;1501.7768629125;1692.91210001045;1884.0473371084;2075.18257420636
159.4;44.4;54;1;0;35;1.40211744634083;1.26393577257673;1061.70604896446;1274.04725875735;1459.84581732613;1645.64437589491;1831.44293446369;2017.24149303247
153.67;44.565414;54;0;0;35;1.37924769846343;1.23379082890786;932.745866654339;1119.29503998521;1282.52556664972;1445.75609331423;1608.98661997873;1772.21714664324
160.02;44.622113;68;1;0;40;1.40835113620503;1.26990734345726;1219.11104971897;1462.93325966277;1676.27769336359;1889.62212706441;2102.96656076523;2316.31099446605
150.495;40.483086;68;0;0;40;1.30090801916392;1.17005126373362;1010.92429186584;1213.10915023901;1390.02090131553;1566.93265239206;1743.84440346858;1920.7561545451
149.225;44.0834725;56;0;0;35;1.35178443628048;1.20345380882052;909.811079468309;1091.77329536197;1250.99023426893;1410.20717317588;1569.42411208283;1728.64105098979
127;24.4089195;15;0;0;40;0.927950665669607;0.84861757606357;733.205585718925;879.84670286271;1008.15768036352;1136.46865786433;1264.77963536515;1393.09061286596
142.875;34.416293;57;0;0;35;1.16871580310934;1.05731648183563;799.331260267736;959.197512321283;1099.08048286814;1238.96345341499;1378.84642396184;1518.7293945087
142.113;32.772022;22;0;0;35;1.13741060240721;1.03293966807698;780.902389066196;937.082866879435;1073.74078496602;1210.3987030526;1347.05662113919;1483.71453922577
147.32;35.947166;40;0;0;35;1.212863518831;1.09920591231776;830.999669712228;997.199603654673;1142.62454585431;1288.04948805395;1433.47443025359;1578.89937245323
162.56;49.5549;19;1;0;40;1.49588737543974;1.3389804026693;1285.42118656252;1542.50542387503;1767.45413152347;1992.40283917191;2217.35154682035;2442.30025446879
164.465;53.183662;41;1;0;35;1.55874334809505;1.38864979154997;1166.46582490197;1399.75898988237;1603.89050924021;1808.02202859806;2012.1535479559;2216.28506731375
160.02;37.081146;76;1;0;40;1.28384459328222;1.17926997422896;1132.0991752598;1358.51901031177;1556.63636598223;1754.7537216527;1952.87107732316;2150.98843299363
153.67;40.5114355;73;0;0;40;1.3150192534802;1.18760881514395;1026.09401628437;1231.31281954125;1410.87927239101;1590.44572524078;1770.01217809054;1949.57863094031
167.005;50.6038575;49;1;0;35;1.53216415767113;1.37598619569479;1155.82840438362;1386.99408526034;1589.26405602748;1791.53402679461;1993.80399756174;2196.07396832888
151.13;43.9700745;26;1;0;35;1.35863466587938;1.2129373064186;1018.86733739163;1222.64080486995;1400.94258891348;1579.24437295702;1757.54615700055;1935.84794104409
147.955;33.792604;17;0;0;40;1.17848593128123;1.07559657764617;929.315443086294;1115.17853170355;1277.80873424365;1440.43893678376;1603.06913932386;1765.69934186396
125.3998;21.375523;13;0;0;45;0.862890219149735;0.797635521080225;775.301726489979;930.362071787975;1066.03987392372;1201.71767605947;1337.39547819521;1473.07328033096
111.125;16.669506;8;0;0;0;0.717325056924451;0.663540337493162;0;0;0;0;0;0
153.035;49.89;88;1;0;40;1.45630012073977;1.28703078397994;1235.54955262074;1482.65946314489;1698.88063485352;1915.10180656215;2131.32297827078;2347.5441499794
139.065;33.5941575;68;0;0;40;1.13917264235661;1.02751456179551;887.772581391319;1065.32709766958;1220.68729941306;1376.04750115654;1531.40770290002;1686.76790464351
152.4;43.8566765;33;1;0;35;1.36257084409093;1.21880368747467;1023.79509747872;1228.55411697447;1407.71825903325;1586.88240109202;1766.0465431508;1945.21068520958
154.94;48.137451;26;0;0;35;1.43936875226029;1.27978706868826;967.519023928321;1161.02282871399;1330.33865790144;1499.6544870889;1668.97031627635;1838.28614546381
147.955;42.751046;56;0;0;35;1.32552201571578;1.18167880558834;893.349177024784;1072.01901242974;1228.35511840908;1384.69122438841;1541.02733036775;1697.36343634709
143.51;34.8415355;16;1;0;40;1.17852411935025;1.06582628240723;1023.19323111094;1227.83187733313;1406.89069277754;1585.94950822196;1765.00832366637;1944.06713911078
117.983;24.097075;13;0;0;45;0.888670230007391;0.801842980907826;779.391377442407;935.269652930889;1071.66314398331;1208.05663503573;1344.45012608815;1480.84361714057
144.145;33.906002;34;0;0;35;1.16516339558617;1.05754860503865;799.506745409218;959.408094491062;1099.32177493768;1239.23545538429;1379.1491358309;1519.06281627751
92.71;12.076887;5;0;0;0;0.55768574229429;0.513807694244609;0;0;0;0;0;0
147.955;41.276872;17;0;0;40;1.30246770025637;1.16520800489072;1006.73971622558;1208.0876594707;1384.26710981018;1560.44656014965;1736.62601048913;1912.80546082861
155.575;39.7176495;74;1;0;40;1.31011803125631;1.18845099339158;1140.91295365591;1369.0955443871;1568.75531127688;1768.41507816667;1968.07484505645;2167.73461194624
150.495;35.947166;69;0;0;40;1.22586349919489;1.11573564632401;963.995598423945;1156.79471810873;1325.49394783292;1494.19317755711;1662.89240728131;1831.5916370055
155.575;50.915702;50;1;0;35;1.48335302783274;1.31258838475033;1102.57424319027;1323.08909182833;1516.03958438663;1708.99007694493;1901.94056950322;2094.89106206152
154.305;45.756093;44;0;0;35;1.40043583794921;1.25047659784571;945.360307971353;1134.43236956562;1299.87042346061;1465.3084773556;1630.74653125058;1796.18458514557
130.6068;25.2594045;15;0;0;40;0.957289285147651;0.877354869776275;758.034607486702;909.641528984043;1042.29758529422;1174.95364160439;1307.60969791456;1440.26575422473
101.6;15.3370795;5;0;0;0;0.657910682303372;0.602771428851922;0;0;0;0;0;0
157.48;49.214732;18;0;0;40;1.46726654355036;1.30594783496366;1128.3389294086;1354.00671529032;1551.46602793683;1748.92534058334;1946.38465322984;2143.84396587635
168.91;58.8252125;41;1;0;35;1.6613387041258;1.47303867969808;1237.35249094639;1484.82298913566;1701.35967505128;1917.8963609669;2134.43304688252;2350.96973279814
150.495;43.4597835;27;0;0;35;1.34788724778123;1.2037338376768;910.022781283662;1092.02733754039;1251.28132426504;1410.53531098968;1569.78929771432;1729.04328443896
111.76;17.8318355;9;1;0;0;0.744029183918361;0.684398250144279;0;0;0;0;0;0
160.02;51.9646335;38;1;0;35;1.51981181699413;1.3496934160622;1133.74246949225;1360.49096339069;1558.89589555184;1757.30082771298;1955.70575987412;2154.11069203527
167.64;50.688906;57;1;0;35;1.53636369047176;1.38057345719976;1159.6817040478;1391.61804485736;1594.56234306573;1797.50664127409;2000.45093948246;2203.39523769082
144.145;34.246196;64;0;0;40;1.17099410787255;1.06178023957599;917.378126993657;1100.85375239239;1261.39492461628;1421.93609684017;1582.47726906406;1743.01844128795
145.415;39.3774555;42;0;0;35;1.26118029942111;1.12968015800066;854.038199448496;1024.8458393382;1174.30252424168;1323.75920914517;1473.21589404866;1622.67257895214
160.02;59.5622995;24;1;0;35;1.62712759572659;1.42541250446573;1197.34650375121;1436.81580450145;1646.35144265791;1855.88708081438;2065.42271897084;2274.9583571273
147.32;40.312989;16;1;0;40;1.28440534657093;1.15077705174484;1104.74596967504;1325.69516361005;1519.02570830319;1712.35625299632;1905.68679768945;2099.01734238258
164.465;52.16308;71;1;0;40;1.54371494132031;1.37792864610229;1322.8115002582;1587.37380030984;1818.86581285503;2050.35782540021;2281.8498379454;2513.34185049058
153.035;39.972795;49;0;0;35;1.303546091205;1.17784824640433;890.453274281677;1068.54392913801;1224.37325213731;1380.2025751366;1536.03189813589;1691.86122113519
149.225;43.941725;33;1;0;35;1.3496093995759;1.20190446259323;1009.59974857831;1211.51969829398;1388.19965429518;1564.87961029639;1741.55956629759;1918.23952229879
160.02;54.601137;28;0;0;35;1.55788977134135;1.37667890108712;1040.76924922186;1248.92309906624;1431.05771768006;1613.19233629389;1795.32695490771;1977.46157352154
149.225;45.075705;47;0;0;35;1.36691279070606;1.21421646627218;917.947648501771;1101.53717820212;1262.17801668993;1422.81885517774;1583.45969366555;1744.10053215336
85.09;11.453198;3;1;0;0;0.520297088696021;0.473713399862154;0;0;0;0;0;0
84.455;11.7650425;1;1;0;0;0.52536142700301;0.476326947946901;0;0;0;0;0;0
59.6138;5.896696;1;0;0;0;0.312483091100231;0.283149797560045;0;0;0;0;0;0
92.71;12.1052365;3;1;0;0;0.558339919342997;0.514289803456021;0;0;0;0;0;0
111.125;18.313777;6;0;0;0;0.751871455681126;0.688984427591123;0;0;0;0;0;0
90.805;11.3681495;5;0;0;0;0.535486490997646;0.494291042290621;0;0;0;0;0;0
153.67;41.333571;27;0;0;35;1.32829567654382;1.19719124059021;905.0765778862;1086.09189346344;1244.48029459353;1402.86869572361;1561.25709685369;1719.64549798378
99.695;16.2442635;5;0;0;0;0.670711034324457;0.608669262013102;0;0;0;0;0;0
62.484;6.80388;1;0;0;0;0.343646151149696;0.309863791359806;0;0;0;0;0;0
81.915;11.8784405;2;1;0;0;0.519888463881517;0.468045604674835;0;0;0;0;0;0
96.52;14.968536;2;0;0;0;0.633500656563722;0.575882452362111;0;0;0;0;0;0
80.01;9.865626;1;1;0;0;0.468255846573217;0.42744559315772;0;0;0;0;0;0
150.495;41.900561;55;0;0;35;1.32348707416084;1.18626954423259;896.81977543984;1076.18373052781;1233.12719122978;1390.07065193175;1547.01411263372;1703.9575733357
151.765;42.524;83;1;0;40;1.33891071605076;1.20033861557455;1152.32507095157;1382.79008514188;1584.44697255841;1786.10385997493;1987.76074739146;2189.41763480798
140.6398;28.859791;12;1;0;45;1.06181647743146;0.974592436000474;1052.55983088051;1263.07179705661;1447.2697674607;1631.46773786479;1815.66570826888;1999.86367867297
88.265;12.7856245;2;0;0;0;0.559891642912691;0.507891262783106;0;0;0;0;0;0
158.115;43.147939;63;1;0;40;1.37662392740205;1.24249648491984;1192.79662552305;1431.35595062766;1640.09536009419;1848.83476956073;2057.57417902726;2266.31358849379
149.225;40.82328;52;0;0;35;1.30083882744943;1.16703065828259;882.275177661639;1058.73021319397;1213.12836928475;1367.52652537554;1521.92468146633;1676.32283755711
151.765;42.864444;49;1;0;35;1.34425964171733;1.20417335141146;1011.50561518563;1213.80673822275;1390.82022088024;1567.83370353772;1744.84718619521;1921.86066885269
154.94;46.209685;31;0;0;35;1.41025299088694;1.25903465724157;951.830200874625;1142.19624104955;1308.76652620261;1475.33681135567;1641.90709650873;1808.47738166179
123.825;20.581737;9;0;0;0;0.841383382033719;0.778733111320801;0;0;0;0;0;0
104.14;15.87572;6;0;0;0;0.677679349118905;0.62180708941753;0;0;0;0;0;0
161.29;47.853956;35;1;0;35;1.46423705609971;1.31317420556787;1103.06633267701;1323.67959921242;1516.71620743089;1709.75281564937;1902.78942386785;2095.82603208633
148.59;42.52425;35;0;0;35;1.32483524211503;1.1827075484459;894.126906625097;1072.95228795012;1229.42449660951;1385.8967052689;1542.36891392829;1698.84112258768
97.155;17.066399;7;0;0;0;0.678660034930966;0.609694620164424;0;0;0;0;0;0
93.345;13.1825175;5;1;0;0;0.584646639726724;0.534678942356561;0;0;0;0;0;0
160.655;48.5059945;24;1;0;35;1.47127406488367;1.31666149016703;1105.99565174031;1327.19478208837;1520.74402114292;1714.29326019748;1907.84249925203;2101.39173830658
157.48;45.869491;41;1;0;35;1.41652229094513;1.2696889743814;1066.53873848038;1279.84648617645;1466.49076541052;1653.13504464458;1839.77932387865;2026.42360311272
167.005;52.900167;32;1;0;35;1.56654187356126;1.40063006546281;1176.52925498876;1411.83510598651;1617.72772560954;1823.62034523257;2029.51296485561;2235.40558447864
157.48;47.570461;43;1;0;35;1.44254753419467;1.28831695976093;1082.18624619918;1298.62349543902;1488.00608852388;1677.38868160873;1866.77127469359;2056.15386777845
91.44;12.927372;6;0;0;0;0.573022904254272;0.522913009050695;0;0;0;0;0;0
60.452;5.6699;1;1;0;0;0.308561534831835;0.2814800548361;0;0;0;0;0;0
137.16;28.91649;15;1;0;40;1.0496276811327;0.95840144389158;920.065386135917;1104.0784633631;1265.08990593689;1426.10134851067;1587.11279108446;1748.12423365824
152.4;43.544832;63;0;0;40;1.35771789706109;1.21532972536212;1050.04488271287;1260.05385925544;1443.8117137302;1627.56956820495;1811.3274226797;1995.08527715445
152.4;43.431434;21;0;0;35;1.35594888276316;1.21406276648434;917.831451462164;1101.3977417546;1262.01824576048;1422.63874976635;1583.25925377223;1743.87975777811
81.28;11.509897;1;1;0;0;0.509772396968599;0.459671054432884;0;0;0;0;0;0
109.22;11.7083435;2;0;0;0;0.596001789023694;0.569166982105451;0;0;0;0;0;0
71.12;7.540967;1;1;0;0;0.385974082693529;0.353504572239962;0;0;0;0;0;0
89.2048;12.700576;3;0;0;0;0.560989290342615;0.510306522620409;0;0;0;0;0;0
67.31;7.200773;1;0;0;0;0.366925677696148;0.333916098298308;0;0;0;0;0;0
85.09;12.360382;1;1;0;0;0.540510279576418;0.488379830035295;0;0;0;0;0;0
69.85;7.7961125;1;0;0;0;0.388929605928959;0.353751037266687;0;0;0;0;0;0
161.925;53.2120115;55;0;0;35;1.54707205195074;1.37389518084822;1038.66475672126;1246.39770806551;1428.16404049173;1609.93037291795;1791.69670534417;1973.46303777039
152.4;44.678812;38;0;0;35;1.37528289501954;1.22789185705409;928.286243932893;1113.94349271947;1276.39358540773;1438.84367809598;1601.29377078424;1763.7438634725
88.9;12.5588285;3;1;0;0;0.556896123779431;0.506804987662312;0;0;0;0;0;0
90.17;12.700576;3;1;0;0;0.564016089683816;0.514165356679603;0;0;0;0;0;0
71.755;7.37087;1;0;0;0;0.383295931816687;0.352479622312699;0;0;0;0;0;0
83.82;9.2135875;1;0;0;0;0.463166308099297;0.429679724652391;0;0;0;0;0;0
159.385;47.2019175;28;1;0;35;1.44561382778865;1.2951708609559;1087.94352320296;1305.53222784355;1495.92234440407;1686.31246096458;1876.7025775251;2067.09269408562
142.24;28.632995;16;0;0;40;1.06363595599664;0.979246272708566;846.068779620201;1015.28253554424;1163.34457197778;1311.40660841131;1459.46864484485;1607.53068127838
142.24;31.6663915;36;0;0;35;1.11855903422414;1.01949393597716;770.737415598734;924.884898718481;1059.76394644826;1194.64299417804;1329.52204190782;1464.40108963759
168.91;56.4438545;38;1;0;35;1.62736421720617;1.44888999824981;1217.06759852984;1460.48111823581;1673.46794797853;1886.45477772126;2099.44160746398;2312.4284372067
123.19;20.014747;12;1;0;45;0.827582940276146;0.767313530067882;828.698612473313;994.438334967976;1139.46059215081;1284.48284933364;1429.50510651647;1574.52736369929
74.93;8.50485;1;1;0;0;0.420736262897158;0.384729662769454;0;0;0;0;0;0
74.295;8.3064035;1;0;0;0;0.414033093159532;0.378849672530669;0;0;0;0;0;0
90.805;11.623295;3;0;0;0;0.541462346714637;0.498699041770653;0;0;0;0;0;0
160.02;55.791816;48;1;0;35;1.57478449992372;1.38860965638322;1166.43211136191;1399.71853363429;1603.84415312262;1807.96977261095;2012.09539209929;2216.22101158762
67.945;7.9662095;1;0;0;0;0.387751389594723;0.349978154874504;0;0;0;0;0;0
135.89;27.21552;15;0;0;40;1.01356316099853;0.92936839506697;802.974293337862;963.569152005434;1104.08965333956;1244.61015467369;1385.13065600781;1525.65115734194
158.115;47.4854125;45;1;0;35;1.4441602709454;1.29102672451469;1084.46244859234;1301.35493831081;1491.13586681447;1680.91679531813;1870.69772382178;2060.47865232544
85.09;10.8011595;3;1;0;0;0.505269636996756;0.462735814429783;0;0;0;0;0;0
93.345;14.004653;3;0;0;0;0.602601843463687;0.547775594314844;0;0;0;0;0;0
152.4;45.1607535;38;0;0;35;1.38268045169518;1.2331728209734;932.278652655894;1118.73438318707;1281.88314740185;1445.03191161664;1608.18067583142;1771.3294400462
155.575;45.529297;21;0;1;35;1.40269783520256;1.25517488344781;1548.91221188655;1858.69465426385;2129.754291344;2400.81392842414;2671.87356550429;2942.93320258444
154.305;48.874538;50;0;0;35;1.44737171625847;1.28389367971645;970.623621865635;1164.74834623876;1334.60748006525;1504.46661389173;1674.32574771822;1844.18488154471
156.845;46.5782285;41;1;0;35;1.42454303092864;1.27389213849847;1070.06939633872;1284.08327560646;1471.34541996574;1658.60756432501;1845.86970868429;2033.13185304356
120.015;20.128145;13;0;0;45;0.819159345876918;0.755120685327351;733.977306138185;880.772767365822;1009.21879594;1137.66482451419;1266.11085308837;1394.55688166255
114.3;18.14368;8;1;0;0;0.758987378024167;0.700087797514538;0;0;0;0;0;0
83.82;10.9145575;3;1;0;0;0.504110385191907;0.459807243392653;0;0;0;0;0;0
156.21;43.885026;30;0;0;35;1.37994362922911;1.24037419451636;937.722891054368;1125.26746926524;1289.36897519976;1453.47048113427;1617.57198706878;1781.6734930033
137.16;27.158821;12;1;0;45;1.01722715265569;0.934659865229909;1009.4326544483;1211.31918533796;1387.96989986642;1564.62061439487;1741.27132892332;1917.92204345177
114.3;19.050864;7;1;0;0;0.777730629459841;0.713884952116407;0;0;0;0;0;0
93.98;13.834556;4;0;0;0;0.600964866064934;0.54769767130556;0;0;0;0;0;0
168.275;56.0469615;21;1;0;35;1.61858155034418;1.44100186968943;1210.44157053912;1452.52988464695;1664.35715949129;1876.18443433564;2088.01170917999;2299.83898402433
147.955;40.086193;38;0;0;35;1.28354464551567;1.15164512445877;870.643714090832;1044.772456909;1197.13510687489;1349.49775684079;1501.86040680668;1654.22305677258
139.7;26.5634815;15;1;0;40;1.01528846004336;0.938385909126335;900.850472761282;1081.02056731354;1238.66940004676;1396.31823277999;1553.96706551321;1711.61589824643
157.48;50.802304;19;0;0;40;1.49074429899221;1.32263844923306;1142.75962013736;1371.31154416483;1571.29447768887;1771.27741121291;1971.26034473695;2171.24327826098
76.2;9.2135875;1;1;0;0;0.441611747371678;0.401948101248891;0;0;0;0;0;0
66.04;7.5693165;1;1;0;0;0.372632400653334;0.336137996256984;0;0;0;0;0;0
160.7;46.3;31;1;0;35;1.4376301873415;1.29262784146243;1085.80738682844;1302.96886419413;1492.98515688911;1683.00144958409;1873.01774227906;2063.03403497404
114.3;19.4194075;8;0;0;0;0.785217287204631;0.719377328970526;0;0;0;0;0;0
146.05;37.9032815;16;1;0;40;1.24004639956592;1.11596818349469;1071.3294561549;1285.59534738588;1473.07800221299;1660.56065704009;1848.0433118672;2035.52596669431
161.29;49.3564795;21;1;0;35;1.48704653018389;1.32951387762164;1116.79165720218;1340.14998864262;1535.588528653;1731.02706866338;1926.46560867376;2121.90414868414
69.85;7.314171;0;0;0;0;0.376716384753393;0.344835942883364;0;0;0;0;0;0
133.985;28.1510535;13;1;0;45;1.02358559637698;0.932754134875482;1007.37446566552;1208.84935879862;1385.13989029009;1561.43042178156;1737.72095327302;1914.01148476449
67.945;7.824462;0;1;0;0;0.384286160226551;0.347473782614384;0;0;0;0;0;0
150.495;44.111822;50;0;0;35;1.35796095630851;1.21092555384884;915.459718709723;1098.55166245167;1258.75711322587;1418.96256400007;1579.16801477427;1739.37346554847
163.195;51.0291;39;1;0;35;1.52093666082779;1.35847594681359;1141.11979532341;1369.3437543881;1569.03971856969;1768.73568275129;1968.43164693289;2168.12761111448
148.59;40.766581;44;1;0;35;1.29716638515458;1.16290548634055;976.84060852606;1172.20873023127;1343.15583672333;1514.10294321539;1685.05004970745;1855.99715619951
148.59;37.5630875;36;0;0;35;1.24515719351514;1.12545261948021;850.842180327042;1021.01061639245;1169.90799794968;1318.80537950692;1467.70276106415;1616.60014262138
161.925;51.59609;36;1;0;35;1.52340051577329;1.35705186531245;1139.92356686246;1367.90828023495;1567.39490443588;1766.88152863681;1966.36815283774;2165.85477703866
153.67;44.8205595;18;0;0;40;1.38319029163711;1.23661146593632;1068.43230656898;1282.11876788278;1469.09442153235;1656.07007518192;1843.04572883149;2030.02138248106
68.58;8.0229085;0;0;0;0;0.390942971448522;0.353265289878992;0;0;0;0;0;0
151.13;43.4030845;58;0;0;35;1.34984650984278;1.20665665103206;912.232428180236;1094.67891381628;1254.31958874782;1413.96026367937;1573.60093861091;1733.24161354245
163.83;46.719976;58;1;0;35;1.45813176398203;1.31494152989794;1104.55088511427;1325.46106213713;1518.75746703212;1712.05387192712;1905.35027682212;2098.64668171712
153.035;39.5475525;33;0;0;35;1.29659379581415;1.17282003868798;886.651949248109;1063.98233909773;1219.14643021615;1374.31052133457;1529.47461245299;1684.63870357141
151.765;34.7848365;21;0;0;35;1.21095929735049;1.1076591019765;837.390281094236;1004.86833731308;1151.41163650457;1297.95493569607;1444.49823488756;1591.04153407905
132.08;22.792998;11;1;0;45;0.914466932735496;0.848665443779401;916.558679281753;1099.8704151381;1260.26818401241;1420.66595288672;1581.06372176102;1741.46149063533
156.21;39.292407;26;1;0;35;1.30574232797861;1.18672374422478;996.847945148817;1196.21753417858;1370.66592457962;1545.11431498067;1719.56270538171;1894.01109578275
140.335;37.4496895;22;0;0;35;1.20824737349216;1.08000429709912;816.483248606938;979.779898328325;1122.66446683454;1265.54903534075;1408.43360384697;1551.31817235318
158.75;48.6760915;28;1;0;35;1.4650871727596;1.30754272582061;1098.33588968931;1318.00306762717;1510.2118483228;1702.42062901843;1894.62940971406;2086.83819040969
142.875;35.606972;42;0;0;35;1.18876057355971;1.07179908825022;810.280110717169;972.336132860603;1114.13515223611;1255.93417161161;1397.73319098712;1539.53221036262
84.455;9.3836845;2;1;0;0;0.469189334694398;0.435128080612765;0;0;0;0;0;0
151.9428;43.714929;21;1;0;35;1.35832502186222;1.2146691300098;1020.32206920824;1224.38648304988;1402.94284516132;1581.49920727277;1760.05556938421;1938.61193149565
161.29;48.19415;19;1;0;40;1.46943247297686;1.31690041646838;1264.22439980964;1517.06927977157;1738.30854973826;1959.54781970495;2180.78708967163;2402.02635963832
127.9906;29.8520235;13;1;0;45;1.03020742234258;0.924792199935503;998.775575930343;1198.53069111641;1373.31641690422;1548.10214269203;1722.88786847984;1897.67359426765
160.9852;50.972401;48;1;0;35;1.5097647139598;1.34497495738093;1129.77896419998;1355.73475703998;1553.44607577498;1751.15739450998;1948.86871324497;2146.58003197997
144.78;43.998424;46;0;0;35;1.3302142503622;1.17733714029876;890.066878065859;1068.08025367903;1223.84195734056;1379.60366100208;1535.36536466361;1691.12706832513
132.08;28.292801;11;1;0;45;1.01883827580458;0.925307997490367;999.332637289596;1199.19916474752;1374.08237627319;1548.96558779887;1723.84879932455;1898.73201085023
117.983;20.354941;8;1;0;0;0.816757988772106;0.74949983104543;0;0;0;0;0;0
160.02;48.19415;25;1;0;35;1.46363587257897;1.30963330781205;1100.09197856212;1320.11037427454;1512.62647052291;1705.14256677128;1897.65866301966;2090.17475926803
154.94;39.179009;16;1;0;40;1.29854573085732;1.17859843607775;1131.45449863464;1357.74539836157;1555.74993562263;1753.75447288369;1951.75901014475;2149.76354740581
160.9852;46.6916265;51;1;0;35;1.44497797276827;1.29860108926486;1090.82491498248;1308.98989797897;1499.88425810091;1690.77861822284;1881.67297834478;2072.56733846671
165.989;56.415505;25;1;0;35;1.61282647508488;1.43101736442965;1202.0545861209;1442.46550334508;1652.82505591624;1863.1846084874;2073.54416105856;2283.90371362972
157.988;48.591043;28;1;0;35;1.46028932649626;1.30223497430658;1093.87737841753;1312.65285410103;1504.0813953241;1695.50993654717;1886.93847777024;2078.3670189933
154.94;48.2224995;26;0;0;35;1.44063971829358;1.28069103291071;968.202420880495;1161.84290505659;1331.27832871068;1500.71375236477;1670.14917601885;1839.58459967294
97.9932;13.2959155;5;1;0;0;0.6015972505604;0.555078558974453;0;0;0;0;0;0
64.135;6.6621325;1;0;0;0;0.344510872223013;0.312926160411582;0;0;0;0;0;0
160.655;47.4854125;54;1;0;35;1.45571373723487;1.30550955330304;1096.62802477456;1315.95362972947;1507.86353406501;1699.77343840056;1891.68334273611;2083.59324707166
147.32;35.550273;66;0;0;40;1.20614931570128;1.09433520009749;945.505612884229;1134.60673546107;1300.07021771582;1465.53369997056;1630.9971822253;1796.46066448004
146.7;36.6;20;0;0;35;1.22124936028642;1.10388418023202;834.536440255406;1001.44372830649;1147.48760535118;1293.53148239588;1439.57535944058;1585.61923648527
147.32;48.9595865;25;0;1;35;1.41546284962238;1.24379351831361;1540.30789984509;1848.36947981411;2117.923362287;2387.47724475989;2657.03112723278;2926.58500970568
172.9994;51.255896;38;1;0;35;1.56943366063317;1.41761645421511;1190.7978215407;1428.95738584883;1637.34700461846;1845.73662338808;2054.1262421577;2262.51586092732
158.115;46.5215295;51;1;0;35;1.42942797775238;1.28047982505709;1075.60305304795;1290.72366365754;1478.95419794094;1667.18473222433;1855.41526650772;2043.64580079111
147.32;36.967748;48;0;0;35;1.2299603240394;1.11158426577706;840.357704927455;1008.42924591295;1155.49184427525;1302.55444263755;1449.61704099986;1596.67963936216
124.9934;25.117657;13;1;0;45;0.933860171020117;0.84887277089198;916.782592563338;1100.13911107601;1260.57606477459;1421.01301847317;1581.44997217176;1741.88692587034
106.045;16.272613;6;1;0;0;0.692344897509142;0.635998441747157;0;0;0;0;0;0
165.989;48.647742;27;1;0;35;1.49768247328609;1.34868518375399;1132.89555435336;1359.47466522403;1557.73138723586;1755.9881092477;1954.24483125954;2152.50155327137
149.86;38.045029;22;0;0;35;1.25846335376169;1.13796570333487;860.302071721164;1032.3624860654;1182.9153486166;1333.4682111678;1484.02107371901;1634.57393627021
76.2;8.50485;1;0;0;0;0.424286842831592;0.38928273151306;0;0;0;0;0;0
161.925;47.286966;60;1;0;35;1.45839923370626;1.31052801623319;1100.84353363588;1321.01224036306;1513.65985874934;1706.30747713562;1898.9550955219;2091.60271390818
140.0048;28.3495;15;0;0;40;1.0500087403869;0.964602104248418;833.416218070633;1000.09946168476;1145.94729984712;1291.79513800948;1437.64297617184;1583.4908143342
66.675;8.1363065;0;0;0;0;0.388189614280723;0.348317290067829;0;0;0;0;0;0
62.865;7.200773;0;1;0;0;0.354603297379621;0.318322903670168;0;0;0;0;0;0
163.83;55.394923;43;1;0;35;1.58774387760065;1.40764578022239;1182.42245538681;1418.90694646417;1625.83087615686;1832.75480584955;2039.67873554224;2246.60266523493
147.955;32.488527;12;1;0;45;1.15552297110262;1.05879713286602;1143.5009034953;1372.20108419436;1572.31374230604;1772.42640041771;1972.53905852939;2172.65171664107
160.02;54.204244;27;1;0;35;1.5522173320125;1.37266733353216;1153.04056016702;1383.64867220042;1585.43077022965;1787.21286825888;1988.9949662881;2190.77706431733
154.94;48.477645;30;1;0;35;1.4444459064811;1.28339719990915;1078.05364792369;1293.66437750843;1482.32376589507;1670.98315428172;1859.64254266836;2048.30193105501
152.4;43.0628905;29;0;0;35;1.35018357930814;1.20993138867921;914.708129841486;1097.64975580978;1257.72367853204;1417.7976012543;1577.87152397656;1737.94544669882
62.23;7.257472;0;0;0;0;0.354194109744611;0.317061860665925;0;0;0;0;0;0
146.05;34.189497;23;0;0;35;1.17773040171552;1.07087350389375;809.580368943673;971.496442732407;1113.17300729755;1254.84957186269;1396.52613642784;1538.20270099298
151.9936;49.951819;30;0;0;35;1.45223551774099;1.28152838448734;968.835458672427;1162.60255040691;1332.14875567459;1501.69496094226;1671.24116620994;1840.78737147761
157.48;41.3052215;17;1;0;40;1.34420012169774;1.21755829026865;1168.8559586579;1402.62715038948;1607.17694315462;1811.72673591975;2016.27652868488;2220.82632145001
55.88;4.8477645;0;0;0;0;0.274313830949152;0.250222339037724;0;0;0;0;0;0
60.96;6.23689;0;1;0;0;0.324978979833055;0.294136350960251;0;0;0;0;0;0
151.765;44.338618;41;0;0;35;1.3671798183741;1.22057085329669;922.751565092298;1107.30187811076;1268.78340200191;1430.26492589306;1591.74644978421;1753.22797367537
144.78;33.45241;42;0;0;35;1.15988983190934;1.05510810862071;797.661730117256;957.194076140708;1096.78487891123;1236.37568168175;1375.96648445227;1515.55728722279
118.11;16.896302;7;0;0;0;0.744539796194043;0.696221338218247;0;0;0;0;0;0
78.105;8.221355;3;0;0;0;0.422337717773545;0.390735204408595;0;0;0;0;0;0
160.655;47.286966;43;1;0;35;1.45266876268875;1.30332446678672;1094.79255210084;1313.75106252101;1505.33975913866;1696.92845575631;1888.51715237395;2080.1058489916
151.13;46.1246365;35;0;0;35;1.39152357689982;1.23637056195598;934.69614483872;1121.63537380646;1285.20719915324;1448.77902450002;1612.35084984679;1775.92267519357
121.92;20.184844;10;0;0;45;0.82679706304913;0.764350620325059;742.948802955958;891.538563547149;1021.55460406444;1151.57064458173;1281.58668509903;1411.60272561632
92.71;12.757275;3;1;0;0;0.573179961377751;0.525196434905876;0;0;0;0;0;0
153.67;47.400364;75;1;0;40;1.42244058027431;1.26460539501958;1214.0211792188;1456.82541506256;1669.27912142585;1881.73282778914;2094.18653415243;2306.64024051571
147.32;40.8516295;64;0;0;40;1.29295764065916;1.15690299818643;999.564190433075;1199.47702851969;1374.40076184548;1549.32449517127;1724.24822849705;1899.17196182284
139.7;50.348712;38;1;0;35;1.39778744473781;1.21188895107025;1017.98671889901;1221.58406267881;1399.73173848614;1577.87941429346;1756.02709010079;1934.17476590811
157.48;45.132404;24;0;0;35;1.40509499302439;1.26148812534267;953.68502275906;1144.42202731087;1311.31690629371;1478.21178527654;1645.10666425938;1812.00154324221
91.44;11.623295;4;0;0;0;0.543352273391766;0.501137672937151;0;0;0;0;0;0
154.94;42.240755;26;1;0;35;1.34833050882481;1.21461083410061;1020.27310064452;1224.32772077342;1402.87551338621;1581.423305999;1759.97109861179;1938.51889122458
143.51;41.6454155;19;0;0;40;1.28846739043858;1.14465442246784;988.981421012215;1186.77770521466;1359.8494538918;1532.92120256893;1705.99295124607;1879.06469992321
83.185;9.1568885;2;1;0;0;0.459986645299048;0.426344515629305;0;0;0;0;0;0
158.115;45.2174525;43;1;0;35;1.40925093401084;1.26599964165018;1063.43969898615;1276.12763878338;1462.22958610596;1648.33153342853;1834.43348075111;2020.53542807369
147.32;51.255896;38;0;0;35;1.4482766194036;1.26680778820552;957.706687883377;1149.24802546005;1316.84669583964;1484.44536621923;1652.04403659882;1819.64270697842
123.825;21.205426;10;1;0;45;0.854036473728338;0.788087849845065;851.134877832671;1021.3618533992;1170.31045701992;1319.25906064064;1468.20766426136;1617.15626788207
88.9;11.5949455;3;1;0;0;0.535098810955613;0.490872511947433;0;0;0;0;0;0
160.02;49.271431;23;1;0;35;1.47990374955603;1.32126536944831;1109.86291033658;1331.8354924039;1526.0615017128;1720.2875110217;1914.51352033061;2108.73952963951
137.16;27.952607;16;0;0;40;1.03198562330102;0.945492648913514;816.905648661276;980.286778393531;1123.24526690925;1266.20375542498;1409.1622439407;1552.12073245642
165.1;51.199197;49;1;0;35;1.53233549277456;1.3713812482709;1151.96024854756;1382.35229825707;1583.94534175289;1785.53838524872;1987.13142874454;2188.72447224036
154.94;43.8566765;41;0;0;35;1.3738786798402;1.23298776969273;932.138753887705;1118.56650466525;1281.69078659559;1444.81506852594;1607.93935045629;1771.06363238664
111.125;17.690088;6;1;0;0;0.738957792547495;0.679501210555817;0;0;0;0;0;0
153.67;35.5219235;23;0;0;35;1.23137840382288;1.12678472103404;851.849249101738;1022.21909892209;1171.29271751489;1320.36633610769;1469.4399547005;1618.5135732933
145.415;34.246196;14;0;0;45;1.17614135952888;1.06832004253067;1038.40708133981;1246.08849760777;1427.80973684223;1609.5309760767;1791.25221531117;1972.97345454563
141.605;42.88542;43;0;0;35;1.29880178745001;1.14738422491833;867.42247403826;1040.90696884591;1192.70590180261;1344.5048347593;1496.303767716;1648.10270067269
144.78;32.545226;15;0;0;40;1.14405441550362;1.04356838335608;901.643083219649;1081.97169986358;1239.75923942702;1397.54677899046;1555.3343185539;1713.12185811733
163.83;46.776675;21;1;0;35;1.45901628439336;1.31557961878079;1105.08687977587;1326.10425573104;1519.49445969182;1712.88466365259;1906.27486761337;2099.66507157414
161.29;41.8722115;24;1;0;35;1.36966834923591;1.24487448176886;1045.69456468584;1254.83347762301;1437.83002644303;1620.82657526305;1803.82312408307;1986.81967290309
154.9;38.2;20;1;0;35;1.2820534743571;1.1665177009971;979.874868837564;1175.84984260508;1347.32794465165;1518.80604669822;1690.2841487448;1861.76225079137
161.3;43.3;20;1;0;35;1.39286774517739;1.26173808248836;1059.85998929023;1271.83198714827;1457.30748527406;1642.78298339985;1828.25848152564;2013.73397965143
170.18;53.637254;34;1;0;35;1.59234173168883;1.42709397783689;1198.75894138299;1438.51072965958;1648.29354440161;1858.07635914363;2067.85917388565;2277.64198862767
149.86;42.977842;29;0;1;35;1.33756198216922;1.19483475686879;1503.2950761928;1803.95409143137;2067.03072976511;2330.10736809885;2593.18400643259;2856.26064476633
123.825;21.54562;11;1;0;45;0.860859776376695;0.793120964489222;856.57064164836;1027.88476997803;1177.7846322665;1327.68449455496;1477.58435684342;1627.48421913188
85.09;11.4248485;3;0;0;0;0.519652757688835;0.47324402794892;0;0;0;0;0;0
160.655;39.7743485;65;1;0;40;1.33228583418244;1.21617815420214;1167.53102803406;1401.03723364087;1605.35516354683;1809.67309345279;2013.99102335875;2218.30895326471
154.94;43.3463855;46;0;0;35;1.36586246352605;1.2272290794601;927.785184071838;1113.34222088621;1275.70462809878;1438.06703531135;1600.42944252392;1762.79184973649
106.045;15.478827;8;0;0;0;0.67524732284117;0.623402230336517;0;0;0;0;0;0
126.365;21.9141635;15;1;0;40;0.877050497513224;0.80995094392474;777.55290616775;933.0634874013;1069.13524598066;1205.20700456001;1341.27876313937;1477.35052171873
166.37;52.673371;43;1;0;35;1.56020553607441;1.39450139359318;1171.38117061827;1405.65740474192;1610.64910960012;1815.64081445832;2020.63251931651;2225.62422417471
148.2852;38.441922;39;0;0;35;1.25834636771995;1.13428058373117;857.516121300761;1029.01934556091;1179.08466678855;1329.14998801618;1479.21530924381;1629.28063047145
124.46;19.27766;12;0;0;45;0.81637708532543;0.761329362728539;740.01214057214;888.014568686568;1017.51669328669;1147.01881788682;1276.52094248694;1406.02306708707
89.535;11.113004;3;1;0;0;0.525727753040171;0.485017680647046;0;0;0;0;0;0
101.6;13.494362;4;0;0;0;0.61712306966367;0.572685956990271;0;0;0;0;0;0
151.765;42.807745;43;0;0;35;1.3433702869116;1.20353596964671;909.873193052914;1091.8478316635;1251.07564044776;1410.30344923202;1569.53125801628;1728.75906680054
148.59;35.890467;70;0;0;40;1.2171191500527;1.10513249071796;954.834471980319;1145.80136637638;1312.89739897294;1479.99343156949;1647.08946416605;1814.18549676261
153.67;44.22522;26;0;1;35;1.37397330935988;1.23001486596224;1529.89123866746;1835.86948640095;2103.60045316775;2371.33141993456;2639.06238670136;2906.79335346817
53.975;4.252425;0;0;0;0;0.252501176771185;0.231749879205034;0;0;0;0;0;0
146.685;38.0733785;48;0;0;35;1.24552460224514;1.12136902547522;847.75498325927;1017.30597991112;1165.6631019815;1314.02022405187;1462.37734612224;1610.73446819261
56.515;5.159609;0;0;0;0;0.284602697064502;0.258577852722141;0;0;0;0;0;0
100.965;14.3164975;5;1;0;0;0.633654561099408;0.583827171197307;0;0;0;0;0;0
121.92;23.2182405;8;1;0;0;0.886749351056994;0.808377441480817;0;0;0;0;0;0
81.5848;10.659412;3;0;0;0;0.491496014490906;0.44694056364225;0;0;0;0;0;0
154.94;44.111822;44;1;0;35;1.37786929922415;1.23585204435137;1038.11571725515;1245.73886070618;1427.40911122583;1609.07936174548;1790.74961226513;1972.41986278478
156.21;44.0267735;33;0;0;35;1.38217042368907;1.24197519496556;938.933247393962;1126.71989687275;1291.0332151667;1455.34653346064;1619.65985175458;1783.97317004853
132.715;24.9759095;15;1;0;40;0.959553980487882;0.883247726998852;847.917817918898;1017.50138150268;1165.88699963848;1314.27261777429;1462.6582359101;1611.04385404591
125.095;22.5945515;12;0;0;45;0.886075213118769;0.814140672708886;791.344733873038;949.613680647645;1088.09900907543;1226.58433750321;1365.06966593099;1503.55499435877
101.6;14.344847;5;0;0;0;0.636273101567069;0.586859256966864;0;0;0;0;0;0
160.655;47.8823055;41;1;0;35;1.46178465792318;1.30986334618796;1100.28521079789;1320.34225295746;1512.89216484709;1705.44207673672;1897.99198862635;2090.54190051598
146.05;39.405805;37;0;0;35;1.26438586544461;1.13345731634824;856.893731159269;1028.27247739112;1178.22888034399;1328.18528329687;1478.14168624974;1628.09808920261
132.715;24.777463;13;0;0;45;0.955734302054505;0.880433863493833;855.781715316006;1026.93805837921;1176.69985855951;1326.46165873981;1476.22345892011;1625.98525910041
87.63;10.659412;6;0;0;0;0.509379871772204;0.46987275452731;0;0;0;0;0;0
156.21;41.050076;53;1;0;35;1.33462774376728;1.20767969521212;1014.45094397818;1217.34113277382;1394.87004797;1572.39896316618;1749.92787836236;1927.45679355854
152.4;40.82328;49;0;0;35;1.31460470104134;1.18435699897644;895.373891226191;1074.44866947143;1231.13910043601;1387.8295314006;1544.51996236518;1701.21039332976
162.56;47.0318205;27;0;0;35;1.45730847231006;1.31128258960386;991.329637740515;1189.59556528862;1363.07825189321;1536.5609384978;1710.04362510239;1883.52631170698
114.935;17.519991;7;1;0;0;0.747897082489184;0.693042961589232;0;0;0;0;0;0
67.945;7.2291225;1;0;0;0;0.369377377135611;0.33664679282812;0;0;0;0;0;0
142.875;34.246196;31;0;0;35;1.16582413071183;1.05522312767582;797.748684522917;957.298421427501;1096.90444121901;1236.51046101052;1376.11648080203;1515.72250059354
76.835;8.0229085;1;1;0;0;0.413803554639927;0.38251995697727;0;0;0;0;0;0
145.415;31.127751;17;1;0;40;1.12131395044497;1.02828982514019;987.15823213458;1184.5898785615;1357.34256918505;1530.0952598086;1702.84795043215;1875.6006410557
162.56;52.16308;31;1;0;35;1.53474846697721;1.36673674209218;1148.05886335743;1377.67063602892;1578.58093711647;1779.49123820402;1980.40153929157;2181.31184037912
156.21;54.0624965;21;0;0;35;1.53162065384867;1.34829404698182;1019.31029951826;1223.17235942191;1401.5516618376;1579.9309642533;1758.31026666899;1936.68956908469
71.12;8.051258;0;1;0;0;0.398819601713746;0.362885584804711;0;0;0;0;0;0
158.75;52.5316235;68;1;0;40;1.52200482100866;1.34802497540913;1294.10397639276;1552.92477167132;1779.39296754005;2005.86116340878;2232.32935927752;2458.79755514625